function,net_completed
go_grader,1647148037.3666666
grades,1779509799.3333333
generate_report,1915071499.2
graderbot_post_process,2048497077.1
