function,net_completed
go_grader,1499292668.0333333
grades,1501055868.8333333
generate_report,1503017376.4666667
graderbot_post_process,1617651416.4333334
