function,net_completed
go_grader,1740748445.9666667
grades,2220209633.733333
generate_report,2702794542.733333
graderbot_post_process,3149530798.0666666
