function,net_completed
go_grader,1927054021.6666667
grades,2602787982.9
generate_report,3277203335.133333
graderbot_post_process,3724654450.3333335
